Well ID,Managing Agency,Type,Latitude,Longitude,Well Depth,
365119105364201,USGS,Discrete project site,36.85525,-105.6118056,61,
365148105364401,USGS,Discrete project site,36.86113889,-105.6128944,187,
365152105371301,USGS,Discrete project site,36.86437222,-105.6204111,21.6,
365155105370301,USGS,Discrete project site,36.86526389,-105.6173972,22.5,
365201105370101,USGS,Discrete project site,36.866925,-105.6166667,27,
365210105365901,USGS,Discrete project site,36.869375,-105.6164778,19.6,
365353105360101,USGS,Discrete project site,36.89818611,-105.6002472,210,
334315106563001,USGS,Discrete project site,33.72100833,-106.9418417,31.6,
334319106544501,USGS,Discrete project site,33.72200278,-106.9124333,20,
334324106545202,USGS,Discrete project site,33.72332222,-106.9145667,53,
334324106545401,USGS,Discrete project site,33.72339444,-106.91515,20,
334324106545402,USGS,Discrete project site,33.72339444,-106.91515,45,
334327106550101,USGS,Discrete project site,33.72389722,-106.9170278,49,
334327106550102,USGS,Discrete project site,33.72389722,-106.9170278,20,
334327106550201,USGS,Discrete project site,33.72401111,-106.9172139,20,
334327106550202,USGS,Discrete project site,33.72401111,-106.9172139,49,
334332106545301,USGS,Discrete project site,33.72566944,-106.9147722,22.9,
334332106551501,USGS,Discrete project site,33.72554167,-106.9208222,20,
334332106551502,USGS,Discrete project site,33.72554167,-106.9208222,50,
334340106561001,USGS,Discrete project site,33.72786667,-106.9361778,30.7,
334342106550001,USGS,Discrete project site,33.72831389,-106.9165944,22.8,
334345106553301,USGS,Discrete project site,33.72911111,-106.9257361,33.3,
334348106561101,USGS,Discrete project site,33.729975,-106.9364611,33,
334358106551101,USGS,Discrete project site,33.73279722,-106.9196139,27.3,
334402106554901,USGS,Discrete project site,33.73390278,-106.9304139,41.3,
334454106535001,USGS,Discrete project site,33.74838611,-106.897325,23.3,
334511106540201,USGS,Discrete project site,33.75308056,-106.9004611,25.4,
334527106541401,USGS,Discrete project site,33.75754444,-106.9038528,18,
334545106531001,USGS,Discrete project site,33.76244444,-106.8860611,11.3,
334548106532201,USGS,Discrete project site,33.76316111,-106.8894222,10.9,
334602106525601,USGS,Discrete project site,33.76705278,-106.8821667,9.7,
334605106530801,USGS,Discrete project site,33.76790833,-106.8854361,9.8,
334812106514801,USGS,Discrete project site,33.80343056,-106.8634333,11.8,
334819106522801,USGS,Discrete project site,33.80522222,-106.8743222,20.3,
335108106512701,USGS,Discrete project site,33.85226944,-106.8574333,23.2,
335109106505601,USGS,Discrete project site,33.85238889,-106.8488556,15,
335110106510701,USGS,Discrete project site,33.85282778,-106.8519111,214,
335143106512401,USGS,Discrete project site,33.86183056,-106.8566056,9.4,
335211106520101,USGS,Discrete project site,33.86979167,-106.8669361,25.4,
335213106510501,USGS,Discrete project site,33.87039444,-106.8512722,18.3,
335216106511301,USGS,Discrete project site,33.871,-106.8537139,19.41,
342157103181601,USGS,Discrete project site,34.36572778,-103.3045778,350,
342157103181701,USGS,Discrete project site,34.36586944,-103.3067889,357,
342158103181001,USGS,Discrete project site,34.36611111,-103.3028028,362.68,
342200103180902,USGS,Discrete project site,34.36661667,-103.3026361,362,
342203103181001,USGS,Discrete project site,34.36740833,-103.3028778,362,
342205103181002,USGS,Discrete project site,34.36796667,-103.302775,363,
342218103182601,USGS,Discrete project site,34.37194444,-103.3086111,343,
342222103194301,USGS,Discrete project site,34.37281667,-103.3286556,336,
342300103175001,USGS,Discrete project site,34.38345,-103.2973667,,
342301103180501,USGS,Discrete project site,34.38358056,-103.3014139,357.48,
342310103180801,USGS,Discrete project site,34.38626667,-103.3023056,,
342313103181201,USGS,Discrete project site,34.38683056,-103.3033333,355.7,
342318103174601,USGS,Discrete project site,34.38839722,-103.2962917,,
342321103180801,USGS,Discrete project site,34.38922222,-103.3023028,,
342321103181401,USGS,Discrete project site,34.38922222,-103.3040194,350.48,
342328103182401,USGS,Discrete project site,34.39069722,-103.3072861,373,
342348103175801,USGS,Discrete project site,34.39684444,-103.2993472,365,
342418103201201,USGS,Discrete project site,34.40499444,-103.3368306,370,
314723106420001,USGS,Discrete project site,31.78927351,-106.6997135,500,
314810106513601,USGS,Discrete project site,31.80427163,-106.8616647,565,
314816106325901,USGS,Discrete project site,31.80466389,-106.5499444,34.2,
314817106325801,USGS,Discrete project site,31.80466389,-106.5499444,75,
314817106325802,USGS,Discrete project site,31.80466389,-106.5499444,165.5,
314914106530501,USGS,Discrete project site,31.82093758,-106.8863884,,
314916107083901,USGS,Discrete project site,31.82318056,-107.1458889,,
314932106493401,USGS,Discrete project site,31.82593808,-106.8252744,533,
315013106362601,USGS,Discrete project site,31.83705023,-106.607768,168,
315013106362602,USGS,Discrete project site,31.83705023,-106.607768,306,
315013106362603,USGS,Discrete project site,31.83712222,-106.6079083,34.2,
315046106403201,USGS,Discrete project site,31.84538303,-106.6794362,601,
315110106371701,USGS,Discrete project site,31.85288303,-106.6219351,222,
315110106371702,USGS,Discrete project site,31.85288303,-106.6219351,403.5,
315110106371703,USGS,Discrete project site,31.85286944,-106.6219111,34,
315124106410001,USGS,Discrete project site,31.85843818,-106.6827698,537,
315126106381801,USGS,Discrete project site,31.85910498,-106.6434468,245,
315144106394101,USGS,Discrete project site,31.86288257,-106.6627695,333,
315152106371901,USGS,Discrete project site,31.86443889,-106.6234639,128,
315154106414401,USGS,Discrete project site,31.86788228,-106.6972147,607,
315204106381601,USGS,Discrete project site,31.87010467,-106.6388802,148,
315238106392301,USGS,Discrete project site,31.879,-106.657,330,
315245106380601,USGS,Discrete project site,31.87927107,-106.6355469,198,
315245106380602,USGS,Discrete project site,31.87927107,-106.6355469,426.8,
315245106380603,USGS,Discrete project site,31.87942778,-106.6354444,40,
315318106384301,USGS,Discrete project site,31.88843742,-106.6462417,,
315336106582801,USGS,Discrete project site,31.89482353,-106.9908394,580,
315349106585701,USGS,Discrete project site,31.8984346,-106.9852836,580,
315401106363701,USGS,Discrete project site,31.90038164,-106.6108244,116,
315451106384401,USGS,Discrete project site,31.91413056,-106.645675,33.7,
315515106392801,USGS,Discrete project site,31.91926978,-106.658048,19.2,
315516106380101,USGS,Discrete project site,31.92107222,-106.6335194,35,
315537106384901,USGS,Discrete project site,31.927075,-106.6469861,34.5,
315554106365701,USGS,Discrete project site,31.93176956,-106.6166583,545,
315556106363101,USGS,Discrete project site,31.93204735,-106.6094359,200,
315622106391705,USGS,Discrete project site,31.93954696,-106.6552704,1765,
315627106363701,USGS,Discrete project site,31.94149151,-106.6113805,1013,
315639106380401,USGS,Discrete project site,31.94426911,-106.6349922,130,
315646106374401,USGS,Discrete project site,31.94573611,-106.6287472,80.5,
315646106374402,USGS,Discrete project site,31.94573611,-106.6287472,331,
315646106374403,USGS,Discrete project site,31.94573611,-106.6287472,911.5,
315646106374404,USGS,Discrete project site,31.94573611,-106.6287472,1321.5,
315646106374405,USGS,Discrete project site,31.94577222,-106.6288861,35,
315656106350701,USGS,Discrete project site,31.94888889,-106.5852778,300,
315656106350702,USGS,Discrete project site,31.94888889,-106.5852778,660,
315701106370401,USGS,Discrete project site,31.95018889,-106.6178167,35,
315717106364001,USGS,Discrete project site,31.9551022,-106.6116585,1072,
315720106415601,USGS,Discrete project site,31.95482411,-106.7002717,722,
315733106364401,USGS,Discrete project site,31.95926874,-106.6130474,202,
315749106382001,USGS,Discrete project site,31.96355556,-106.6388639,34,
315754106372401,USGS,Discrete project site,31.96508333,-106.6239,75.5,
315754106372402,USGS,Discrete project site,31.96508333,-106.6239,295,
315754106372403,USGS,Discrete project site,31.96508333,-106.6239,895,
315754106372404,USGS,Discrete project site,31.96508333,-106.6239,1275,
315754106372405,USGS,Discrete project site,31.96505278,-106.6238667,35,
315803106364501,USGS,Discrete project site,31.96732405,-106.6130476,1063,
315811106490401,USGS,Discrete project site,31.96972222,-106.8172222,510,
315814106394001,USGS,Discrete project site,31.97059444,-106.6611444,37,
315831106345401,USGS,Discrete project site,31.97564444,-106.5811306,500,
315856106382001,USGS,Discrete project site,31.98204574,-106.6388817,80,
315901106355001,USGS,Discrete project site,31.98371111,-106.5977694,264,
315902107005501,USGS,Discrete project site,31.98732108,-107.0152863,406,
315915106354701,USGS,Discrete project site,31.98774444,-106.5971333,336,
315918106391301,USGS,Discrete project site,31.98773611,-106.6548056,390,
315940106372301,USGS,Discrete project site,31.99444444,-106.6230556,90,
315940106372302,USGS,Discrete project site,31.99444444,-106.6230556,310,
315940106372303,USGS,Discrete project site,31.99444444,-106.6230556,810,
315940106372304,USGS,Discrete project site,31.99444444,-106.6230556,1310,
315940106372305,USGS,Discrete project site,31.99460833,-106.623,33,
315953106391501,USGS,Discrete project site,31.99815631,-106.6524934,23.3,
315955106362201,USGS,Discrete project site,31.99648986,-106.6069367,600,
320128106371501,USGS,Discrete project site,32.02482247,-106.6197152,17.35,
320129106365901,USGS,Discrete project site,32.02458333,-106.6165111,34.1,
320134106381001,USGS,Discrete project site,32.02620833,-106.636175,34,
320141106390601,USGS,Discrete project site,32.02815564,-106.6522162,700,
320141106390602,USGS,Discrete project site,32.02815564,-106.6522162,1880,
320222106372101,USGS,Discrete project site,32.03955278,-106.6225056,33.4,
320230107013501,USGS,Discrete project site,32.04148647,-107.028065,437,
320251106405601,USGS,Discrete project site,32.04762222,-106.6822083,34,
320313106374601,USGS,Discrete project site,32.05366944,-106.6293722,35,
320403106390401,USGS,Discrete project site,32.06803889,-106.6540917,27.3,
320404106381901,USGS,Discrete project site,32.06801111,-106.6385806,28,
320405106373101,USGS,Discrete project site,32.06819444,-106.6268889,26,
320405106373103,USGS,Discrete project site,32.06819444,-106.6268889,48,
320405106373104,USGS,Discrete project site,32.06819444,-106.6268889,75,
320405106373105,USGS,Discrete project site,32.06819444,-106.6268889,150,
320406106375901,USGS,Discrete project site,32.06821667,-106.6330389,33.5,
320456106383001,USGS,Discrete project site,32.09715278,-106.6453194,16.3,
320457106403001,USGS,Discrete project site,32.08245278,-106.6749333,34.4,
320458106384001,USGS,Discrete project site,32.08274722,-106.64445,34,
320523106403001,USGS,Discrete project site,32.08971667,-106.6750472,34.5,
320526106470101,USGS,Discrete project site,32.09120942,-106.7844442,357,
320549106382801,USGS,Discrete project site,32.09693333,-106.6411972,34,
320612107003601,USGS,Discrete project site,32.10344722,-107.0101167,472,
320615106413302,USGS,Discrete project site,32.10426502,-106.6930523,21.2,
320616106414401,USGS,Discrete project site,32.10453889,-106.6954556,34,
320654106504201,USGS,Discrete project site,32.115,-106.845,1095,
320708106390701,USGS,Discrete project site,32.119,-106.6518889,38,
320734106420201,USGS,Discrete project site,32.12609444,-106.7006306,34,
320924106531201,USGS,Discrete project site,32.15676289,-106.8872275,680,
320956106411401,USGS,Discrete project site,32.165475,-106.6871,40,
321001106445101,USGS,Discrete project site,32.16731927,-106.7477779,31,
321008106443201,USGS,Discrete project site,32.16881944,-106.7422417,34,
321112106445201,USGS,Discrete project site,32.18509669,-106.7480561,19,
321206106422501,USGS,Discrete project site,32.20170833,-106.7070139,39,
321230106430402,USGS,Discrete project site,32.20870729,-106.7186111,30.5,
321232106423801,USGS,Discrete project site,32.20895,-106.7105194,39,
321239106444501,USGS,Discrete project site,32.21120728,-106.7452789,480,
321249106453401,USGS,Discrete project site,32.21361667,-106.7594472,35,
321342106444701,USGS,Discrete project site,32.22831944,-106.7464278,44,
321342106452202,USGS,Discrete project site,32.22842912,-106.7566687,30.2,
321455106492001,USGS,Discrete project site,32.24861667,-106.8223056,34,
321518106471701,USGS,Discrete project site,32.25509497,-106.7886148,35,
321616106501201,USGS,Discrete project site,32.27098333,-106.8367917,34,
321623106445601,USGS,Discrete project site,32.27370588,-106.749447,525,
321624106460201,USGS,Discrete project site,32.27398352,-106.7669476,470,
321628106451501,USGS,Discrete project site,32.2742614,-106.7541694,766,
321637106444001,USGS,Discrete project site,32.27648358,-106.7461136,626,
321640106524601,USGS,Discrete project site,32.2778714,-106.8800069,645,
321703106464701,USGS,Discrete project site,32.28426092,-106.7802815,700,
321704106460601,USGS,Discrete project site,32.28443056,-106.7682306,49,
321733106454301,USGS,Discrete project site,32.29203863,-106.7625032,685,
321803106500401,USGS,Discrete project site,32.30084722,-106.8345528,34,
321819106445201,USGS,Discrete project site,32.3053717,-106.7483363,591,
321820106501601,USGS,Discrete project site,32.305,-106.8380556,24,
321832106451301,USGS,Discrete project site,32.30926045,-106.7555588,700,
321832106481701,USGS,Discrete project site,32.30903056,-106.8048111,49,
321853106504001,USGS,Discrete project site,32.31509291,-106.8450062,20.4,
321914106462501,USGS,Discrete project site,32.32064888,-106.7744484,381,
321945106595001,USGS,Discrete project site,32.32786908,-107.0011225,300,
321956106453101,USGS,Discrete project site,32.33259312,-106.7600037,751,
322004106473701,USGS,Discrete project site,32.33439722,-106.7936333,50,
322011106473301,USGS,Discrete project site,32.33620388,-106.7919492,605,
322011106591901,USGS,Discrete project site,32.33620221,-106.998067,300,
322032106493101,USGS,Discrete project site,32.3422,-106.8252556,40,
322040106485302,USGS,Discrete project site,32.34481457,-106.8152834,30,
322047106505001,USGS,Discrete project site,32.3467587,-106.84834,17.93,
322109106505301,USGS,Discrete project site,32.3525,-106.8481389,39,
322137106482101,USGS,Discrete project site,32.360275,-106.8059056,49.8,
322233106590902,USGS,Discrete project site,32.37592346,-106.9863448,250,
322312106503601,USGS,Discrete project site,32.38842428,-106.8438959,20.7,
322314106511301,USGS,Discrete project site,32.38735556,-106.85365,35,
322403106500301,USGS,Discrete project site,32.40071667,-106.8342472,40,
322410106505501,USGS,Discrete project site,32.40280278,-106.8484944,34.5,
322826106534701,USGS,Discrete project site,32.47385833,-106.8962972,34,
322841106551801,USGS,Discrete project site,32.47810278,-106.92165,39,
323612107000501,USGS,Discrete project site,32.60313905,-107.0050145,16,
323722107002801,USGS,Discrete project site,32.62209167,-107.0079306,23.02,
323733107011002,USGS,Discrete project site,32.62634167,-107.0190111,22.55,
323930107041401,USGS,Discrete project site,32.6582,-107.0710056,23.25,
323956107090901,USGS,Discrete project site,32.66896826,-107.1516855,20,
324007107095501,USGS,Discrete project site,32.66863889,-107.1653333,60,
324021107114301,USGS,Discrete project site,32.67305833,-107.1962056,16.98,
324226107134301,USGS,Discrete project site,32.70646571,-107.2302989,23,
324228107143001,USGS,Discrete project site,32.70766667,-107.2416556,38,
324917107183201,USGS,Discrete project site,32.82035207,-107.3078013,20,
324955107180902,USGS,Discrete project site,32.83169444,-107.3033889,22,
350255106344201,USGS,Discrete project site,35.04868611,-106.5784444,,
350256106344201,USGS,Discrete project site,35.049025,-106.5783028,,
350256106344401,USGS,Discrete project site,35.04880556,-106.579325,489,
350257106344101,USGS,Discrete project site,35.04900833,-106.5784111,493,
350257106344701,USGS,Discrete project site,35.04924167,-106.5796472,,
350258106344101,USGS,Discrete project site,35.04948333,-106.5782472,484,
350258106344701,USGS,Discrete project site,35.04935278,-106.5797111,,
350258106345001,USGS,Discrete project site,35.04954167,-106.5805111,,
350259106344501,USGS,Discrete project site,35.04961389,-106.5792806,,
350300106344101,USGS,Discrete project site,35.05010278,-106.5781944,493,
350300106344201,USGS,Discrete project site,35.05005556,-106.5782389,512,
350300106344401,USGS,Discrete project site,35.05003889,-106.5789611,484,
350300106344801,USGS,Discrete project site,35.05011389,-106.5795583,489,
350301106344801,USGS,Discrete project site,35.05024722,-106.579925,484,
350303106344501,USGS,Discrete project site,35.05095278,-106.5791667,,
350304106343701,USGS,Discrete project site,35.05117222,-106.5774417,491,
350304106343901,USGS,Discrete project site,35.05100833,-106.5774556,516,
350304106344101,USGS,Discrete project site,35.051175,-106.5779917,,
350304106344401,USGS,Discrete project site,35.05103333,-106.5792639,488,
350304106345401,USGS,Discrete project site,35.05107222,-106.5817111,660,
350304106345402,USGS,Discrete project site,35.05107222,-106.5817111,860,
350304106345403,USGS,Discrete project site,35.05107222,-106.5817111,1040,
350305106344401,USGS,Discrete project site,35.05129722,-106.5789944,,
350307106344101,USGS,Discrete project site,35.05188056,-106.5776361,493,
350308106342501,USGS,Discrete project site,35.05233889,-106.5737222,,
350311106343201,USGS,Discrete project site,35.05292222,-106.5755861,,
350311106343701,USGS,Discrete project site,35.05300278,-106.5773306,488,
350311106343801,USGS,Discrete project site,35.05305,-106.5773417,512,
350359106333901,USGS,Discrete project site,35.066475,-106.560875,538,
350359106333902,USGS,Discrete project site,35.06651389,-106.5608361,610,
350359106333903,USGS,Discrete project site,35.06651389,-106.5608361,1090,
350359106333904,USGS,Discrete project site,35.06651389,-106.5608361,1400,
350359106335201,USGS,Discrete project site,35.06651389,-106.5643972,519,
350359106335202,USGS,Discrete project site,35.06646389,-106.5644083,620,
350359106335203,USGS,Discrete project site,35.06646389,-106.5644056,1040,
350359106335204,USGS,Discrete project site,35.06646389,-106.5644083,1338,
350359106335206,USGS,Discrete project site,35.06649167,-106.5645694,510,
350408106335601,USGS,Discrete project site,35.06909444,-106.5657528,527,
350408106335602,USGS,Discrete project site,35.06909444,-106.5657528,1018,
350408106335603,USGS,Discrete project site,35.06909444,-106.5657528,1432,
364220108054501,USGS,Discrete project site,36.70560278,-108.09515,68,
364222108053401,USGS,Discrete project site,36.70785556,-108.0951167,45,
364224108054101,USGS,Discrete project site,36.70686389,-108.0954611,38.09,
364226108054001,USGS,Discrete project site,36.70730833,-108.0952556,39.73,
364227108054201,USGS,Discrete project site,36.70743611,-108.0950333,38.5,
364228108053901,USGS,Discrete project site,36.70780833,-108.0950111,35,
364228108054001,USGS,Discrete project site,36.70791944,-108.0953278,35.05,
364228108054201,USGS,Discrete project site,36.70792778,-108.0951472,45.65,
364228108054401,USGS,Discrete project site,36.70781111,-108.0955806,39.82,
364229108054202,USGS,Discrete project site,36.70814444,-108.0951167,43.6,
364230108054301,USGS,Discrete project site,36.7084,-108.0953611,42.5,
364231108054101,USGS,Discrete project site,36.70872778,-108.09545,38.02,
364235108054101,USGS,Discrete project site,36.70993611,-108.0955944,42.56,
364245108053801,USGS,Discrete project site,36.7127,-108.0947444,47.35,
341528106533301,USGS,Discrete project site,34.25743889,-106.8931,38,
342107106530401,USGS,Discrete project site,34.35200976,-106.8850279,223,
344258106460901,USGS,Discrete project site,34.71616861,-106.7697495,135,
344258106460902,USGS,Discrete project site,34.71616861,-106.7697495,300,
345842106443101,USGS,Discrete project site,34.97850833,-106.7415778,1455,
345842106443102,USGS,Discrete project site,34.97850833,-106.7415778,960,
345842106443103,USGS,Discrete project site,34.97850833,-106.7415778,297,
350056106370101,USGS,Discrete project site,35.01586111,-106.6173167,1628,
350137106410501,USGS,Discrete project site,35.02699256,-106.6853035,148.5,
350137106410502,USGS,Discrete project site,35.02699256,-106.6853035,103.8,
350137106410503,USGS,Discrete project site,35.02699256,-106.6853035,38.4,
350138106393201,USGS,Discrete project site,35.02727045,-106.6594696,148,
350138106393202,USGS,Discrete project site,35.02727045,-106.6594696,101,
350138106393203,USGS,Discrete project site,35.02727045,-106.6594696,49.33,
350138106395501,USGS,Discrete project site,35.02727042,-106.6658586,153.53,
350138106395502,USGS,Discrete project site,35.02727042,-106.6658586,91.16,
350138106395503,USGS,Discrete project site,35.02727042,-106.6658586,48.6,
350138106401101,USGS,Discrete project site,35.02781111,-106.6710333,150,
350138106401102,USGS,Discrete project site,35.02778611,-106.6710361,22,
350138106401103,USGS,Discrete project site,35.02780278,-106.6710694,515,
350223106435401,USGS,Discrete project site,35.04104167,-106.7327222,1520,
350249106434201,USGS,Discrete project site,35.04683333,-106.7290278,1133,
350301106383601,USGS,Discrete project site,35.05040833,-106.6439611,1032,
350309106434501,USGS,Discrete project site,35.05281389,-106.7303083,1229,
350339106294001,USGS,Discrete project site,35.06133611,-106.494825,,
350358106372901,USGS,Discrete project site,35.0661,-106.6251028,1191,
350359106254701,USGS,Discrete project site,35.06623333,-106.4310833,90,
350435106380101,USGS,Discrete project site,35.07638889,-106.63375,1004,
350454106570401,USGS,Discrete project site,35.08171142,-106.9517001,117,
350548106383901,USGS,Discrete project site,35.09643056,-106.64495,149,
350552106444601,USGS,Discrete project site,35.09775,-106.7463333,1424,
350602106210401,USGS,Discrete project site,35.10060157,-106.3516912,54.3,
350605106411801,USGS,Discrete project site,35.10161111,-106.6883806,950,
350615106345901,USGS,Discrete project site,35.10435556,-106.5837778,1400,
350628106411501,USGS,Discrete project site,35.10782334,-106.688082,950,
350642106401101,USGS,Discrete project site,35.11129722,-106.6689944,924,
350646106403601,USGS,Discrete project site,35.11282323,-106.6772485,150,
350646106443201,USGS,Discrete project site,35.11286389,-106.7429778,1662,
350647106440001,USGS,Discrete project site,35.11278056,-106.7339222,1575,
350648106362501,USGS,Discrete project site,35.11333333,-106.6076944,984,
350653106403001,USGS,Discrete project site,35.11465278,-106.6754556,,
350708106405801,USGS,Discrete project site,35.11964167,-106.6802361,804,
350744106333501,USGS,Discrete project site,35.12882778,-106.5603556,1450,
350752106342101,USGS,Discrete project site,35.13111944,-106.5731306,996,
350821106383701,USGS,Discrete project site,35.13921145,-106.6441925,131.5,
350821106383702,USGS,Discrete project site,35.13921145,-106.6441925,93.5,
350821106383703,USGS,Discrete project site,35.13937811,-106.6445537,50.2,
350824106375301,USGS,Discrete project site,35.14004482,-106.6319701,150.3,
350827106391301,USGS,Discrete project site,35.14046111,-106.6544389,149.8,
350827106391302,USGS,Discrete project site,35.14046111,-106.6544389,99,
350827106391303,USGS,Discrete project site,35.14046111,-106.6544389,49.8,
350829106420401,USGS,Discrete project site,35.14341389,-106.7009472,250,
350836106395601,USGS,Discrete project site,35.14337788,-106.6661375,147.4,
350836106395603,USGS,Discrete project site,35.14337788,-106.6661375,39.7,
350837106393801,USGS,Discrete project site,35.14337791,-106.6611374,152,
350852106425701,USGS,Discrete project site,35.14779722,-106.7164583,997,
350854106403701,USGS,Discrete project site,35.14837767,-106.6775266,152,
350854106403702,USGS,Discrete project site,35.14837767,-106.6775266,93.4,
350854106403703,USGS,Discrete project site,35.14837767,-106.6775266,48.41,
350859106401601,USGS,Discrete project site,35.14976654,-106.6716932,25,
350859106401602,USGS,Discrete project site,35.14976654,-106.6716932,75,
350859106401603,USGS,Discrete project site,35.14976654,-106.6716932,150,
350918106315401,USGS,Discrete project site,35.15456111,-106.5310194,1626,
350918106425401,USGS,Discrete project site,35.15521389,-106.7147306,970,
350931106315501,USGS,Discrete project site,35.159125,-106.5326944,1704,
350950106434001,USGS,Discrete project site,35.15965833,-106.7292,1080,
351009106344701,USGS,Discrete project site,35.16921082,-106.5803026,360,
351013106333501,USGS,Discrete project site,35.17031111,-106.5602528,1346,
351025106341601,USGS,Discrete project site,35.1735,-106.5717778,1194,
351029106332001,USGS,Discrete project site,35.175375,-106.5553694,1357,
351035106364701,USGS,Discrete project site,35.17686944,-106.6136667,68.7,
351035106364702,USGS,Discrete project site,35.17686944,-106.6136667,143.5,
351035106364703,USGS,Discrete project site,35.17686944,-106.6136667,543.9,
351040106482801,USGS,Discrete project site,35.17772222,-106.8076667,1735,
351057106384201,USGS,Discrete project site,35.18254342,-106.6455818,150,
351057106384202,USGS,Discrete project site,35.18254342,-106.6455818,95,
351057106384203,USGS,Discrete project site,35.18254342,-106.6455818,45,
351059106385901,USGS,Discrete project site,35.18289722,-106.6506556,150,
351059106385902,USGS,Discrete project site,35.18289722,-106.6506556,25,
351059106385903,USGS,Discrete project site,35.18289722,-106.6506556,600,
351852106344901,USGS,Discrete project site,35.31473333,-106.5812861,206,
352019106474801,USGS,Discrete project site,35.33926111,-106.7966028,1625,
355002106093703,USGS,Discrete project site,35.83391482,-106.1608583,60,
355003106094303,USGS,Discrete project site,35.83419258,-106.162525,60,
355006106094803,USGS,Discrete project site,35.83502589,-106.1639139,69,
351305106383101,USGS,Discrete project site,35.21796667,-106.642175,60,
351305106383102,USGS,Discrete project site,35.21796667,-106.642175,240,
351305106383103,USGS,Discrete project site,35.21796667,-106.642175,800,
351319106373505,USGS,Discrete project site,35.22221944,-106.6270556,,
351319106373506,USGS,Discrete project site,35.22221944,-106.6270556,,
351332106401301,USGS,Discrete project site,35.22527778,-106.6708333,350,
351340106401401,USGS,Discrete project site,35.22776667,-106.6705333,,
351459106403401,USGS,Discrete project site,35.24915,-106.6761056,977,
351542106400701,USGS,Discrete project site,35.26151111,-106.6691889,1957,
351545106462001,USGS,Discrete project site,35.2625,-106.7727778,1740,
351610106421101,USGS,Discrete project site,35.27212222,-106.7078028,1197,
351623106394601,USGS,Discrete project site,35.27305556,-106.6627778,1470,
351627106435301,USGS,Discrete project site,35.27361111,-106.7325,1618,
351630106481201,USGS,Discrete project site,35.275,-106.8033333,1920,
351642106381601,USGS,Discrete project site,35.27831944,-106.6378111,,
351813106394001,USGS,Discrete project site,35.30464722,-106.661875,,
351909106383001,USGS,Discrete project site,35.34247222,-106.6341667,,
351915106352801,USGS,Discrete project site,35.32083333,-106.5913889,1459,
351924106341001,USGS,Discrete project site,35.32332778,-106.5701083,,
341603108552401,USGS,Discrete project site,34.26737222,-108.9234722,,
341815108463601,USGS,Discrete project site,34.30433056,-108.7773889,,
342337108473401,USGS,Discrete project site,34.393675,-108.7934306,,
342405108435701,USGS,Discrete project site,34.40145833,-108.7332194,265,
342452108460001,USGS,Discrete project site,34.41430556,-108.7674972,,
342538108423301,USGS,Discrete project site,34.42756944,-108.7098861,115,
342539108382101,USGS,Discrete project site,34.42793611,-108.6397556,64,
342621108455601,USGS,Discrete project site,34.43922778,-108.7666056,25,
342621108455801,USGS,Discrete project site,34.4392,-108.7660694,52,
342627108460201,USGS,Discrete project site,34.44085833,-108.7684528,47.65,
342633108433101,USGS,Discrete project site,34.44275556,-108.7258833,119,
342636108474901,USGS,Discrete project site,34.44337861,-108.797575,,
342641108461401,USGS,Discrete project site,34.44453333,-108.771,,
342658108454101,USGS,Discrete project site,34.44938611,-108.7617917,3.36,
342743108385201,USGS,Discrete project site,34.46196944,-108.6482694,63,
342756108303001,USGS,Discrete project site,34.46581944,-108.5087778,116,
342808108492301,USGS,Discrete project site,34.46736389,-108.8238111,,
342933108581601,USGS,Discrete project site,34.49252778,-108.971,134,
342949108342901,USGS,Discrete project site,34.49734722,-108.5754444,138,
342954108464801,USGS,Discrete project site,34.49834444,-108.7805972,112,
342956108520601,USGS,Discrete project site,34.49898889,-108.8688722,,
343014108432201,USGS,Discrete project site,34.50396389,-108.72335,189,
343136108404501,USGS,Discrete project site,34.52673889,-108.6804389,189,
343242108495001,USGS,Discrete project site,34.54481944,-108.8316028,,
343842108293401,USGS,Discrete project site,34.6450446,-108.4934019,,
343952108032301,USGS,Discrete project site,34.66449333,-108.0570045,,
344054108023502,USGS,Discrete project site,34.68170633,-109.0428641,300,
344054109023501,USGS,Discrete project site,34.68170632,-109.0436975,208,
344146108064601,USGS,Discrete project site,34.69615878,-108.1133948,500,
344307108523501,USGS,Discrete project site,34.71865144,-108.877026,,
344342108381201,USGS,Discrete project site,34.72843889,-108.6454028,,
344433108382801,USGS,Discrete project site,34.74278611,-108.6417056,,
344437108350301,USGS,Discrete project site,34.74356944,-108.5849444,,
344448108024901,USGS,Discrete project site,34.74671376,-108.04756,220,
344450108543201,USGS,Discrete project site,34.74726192,-108.9095274,200,
344526108552201,USGS,Discrete project site,34.75725,-108.9261944,,
344603108554801,USGS,Discrete project site,34.76753913,-108.9306392,,
344611108583401,USGS,Discrete project site,34.76976103,-108.9767517,307,
344634108390301,USGS,Discrete project site,34.77615191,-108.6514643,405,
344637109014301,USGS,Discrete project site,34.77670483,-109.0292534,270,
344749108594001,USGS,Discrete project site,34.79698251,-108.9950855,,
344752108501701,USGS,Discrete project site,34.78919444,-108.8373056,400,
344826109011901,USGS,Discrete project site,34.80725973,-109.0225865,,
344908109575601,USGS,Discrete project site,34.81892661,-108.9661958,,
345027108544001,USGS,Discrete project site,34.84133333,-108.9108611,390,
345028108544001,USGS,Discrete project site,34.84114864,-108.91175,103,
345038109023201,USGS,Discrete project site,34.84670293,-109.0428651,100,
345045108220001,USGS,Discrete project site,34.84587505,-108.3672904,790,
345356108175101,USGS,Discrete project site,34.8989299,-108.2981224,551,
345452108434601,USGS,Discrete project site,34.91448147,-108.7300796,,
345710108262801,USGS,Discrete project site,34.95281635,-108.4417378,820,
350729108285501,USGS,Discrete project site,35.1247558,-108.482574,,
350801108292301,USGS,Discrete project site,35.13364439,-108.4903521,325,
350802108293301,USGS,Discrete project site,35.13392214,-108.49313,772,
350919108382201,USGS,Discrete project site,35.15530956,-108.6400791,,
351020108445001,USGS,Discrete project site,35.17225297,-108.7478603,,
315712106361201,USGS,Discrete project site,31.95371338,-106.6044361,52,
315712106361202,USGS,Discrete project site,31.95371338,-106.6044361,156,
315712106361203,USGS,Discrete project site,31.95371338,-106.6044361,334,
315712106361204,USGS,Discrete project site,31.95371338,-106.6044361,803,
315712106361801,USGS,Discrete project site,31.95371338,-106.605825,47,
315712106361802,USGS,Discrete project site,31.95371338,-106.605825,158,
315712106361804,USGS,Discrete project site,31.95371338,-106.605825,799,
315712106362301,USGS,Discrete project site,31.95371337,-106.6072139,58,
315712106362302,USGS,Discrete project site,31.95371337,-106.6072139,158,
315712106362303,USGS,Discrete project site,31.95371337,-106.6072139,298,
315712106362304,USGS,Discrete project site,31.95399114,-106.6069361,799,
315712106364301,USGS,Discrete project site,31.95343558,-106.6127696,59,
315712106364302,USGS,Discrete project site,31.95343558,-106.6127696,159,
315712106364303,USGS,Discrete project site,31.95343558,-106.6127696,299,
315712106364304,USGS,Discrete project site,31.95343558,-106.6127696,800,
321237106462001,USGS,Discrete project site,32.2103738,-106.7727799,320,
321237106462002,USGS,Discrete project site,32.2103738,-106.7727799,125,
321237106462003,USGS,Discrete project site,32.2103738,-106.7727799,45,
321241106461601,USGS,Discrete project site,32.21148489,-106.7716688,319,
321241106461602,USGS,Discrete project site,32.21148489,-106.7716688,120,
321241106461603,USGS,Discrete project site,32.21126111,-106.7711583,50,
321740106481002,USGS,Discrete project site,32.29453824,-106.8033379,120,
321745106492501,USGS,Discrete project site,32.29592692,-106.824172,305,
321745106492502,USGS,Discrete project site,32.29592692,-106.824172,105,
321745106492503,USGS,Discrete project site,32.29592692,-106.824172,41,
324600108222501,USGS,Discrete project site,32.75462778,-108.3687611,580,
324955107180901,USGS,Discrete project site,32.83167778,-107.3033722,17.49,
315712106361803,USGS,Long-term continuos site,31.95371338,-106.605825,300,
315953106390601,USGS,Long-term continuos site,31.99831944,-106.6516694,34,
320404106385801,USGS,Long-term continuos site,32.06782222,-106.6495,33.5,
321105106442101,USGS,Long-term continuos site,32.18497222,-106.7393528,34,
321740106481001,USGS,Long-term continuos site,32.29453824,-106.8033379,332,
321740106481003,USGS,Long-term continuos site,32.29474167,-106.8034111,50,
321740106481004,USGS,Long-term continuos site,32.29481601,-106.8033379,640,
321745106492101,USGS,Long-term continuos site,32.29592693,-106.8230608,310,
321745106492102,USGS,Long-term continuos site,32.29592693,-106.8230608,110,
321745106492103,USGS,Long-term continuos site,32.29594167,-106.8230917,40,
321745106492106,USGS,Long-term continuos site,32.2962047,-106.8230608,650,
321859106503101,USGS,Long-term continuos site,32.31663611,-106.8420111,34,
322323106314701,USGS,Long-term continuos site,32.38972222,-106.5302778,295,
322540106525101,USGS,Long-term continuos site,32.42798333,-106.8809333,34.5,
322712104074501,USGS,Long-term continuos site,32.45388889,-104.1288889,906,
323802107024101,USGS,Long-term continuos site,32.63456389,-107.0452583,16.87,
323917107031601,USGS,Long-term continuos site,32.65434722,-107.0550972,18.17,
324122107120802,USGS,Long-term continuos site,32.69014167,-107.2029389,28.1,
325002107181201,USGS,Long-term continuos site,32.834425,-107.3033333,20.27,
332115103403301,USGS,Long-term continuos site,33.35671944,-103.6777833,110,
332937105314501,USGS,Long-term continuos site,33.49462222,-105.5307333,45,
340422107370801,USGS,Long-term continuos site,34.07285,-107.61885,285,
342156103180801,USGS,Long-term continuos site,34.36574444,-103.3045833,362,
343753106430601,USGS,Long-term continuos site,34.63138333,-106.7184556,1186,
343753106430602,USGS,Long-term continuos site,34.63138333,-106.7184556,695,
344431106393401,USGS,Long-term continuos site,34.74185,-106.6623778,1200,
344431106393402,USGS,Long-term continuos site,34.74185,-106.6623778,710,
344431106393403,USGS,Long-term continuos site,34.74185,-106.6623778,275,
345650106415901,USGS,Long-term continuos site,34.94729167,-106.6999278,1340,
345650106415902,USGS,Long-term continuos site,34.94729167,-106.6999278,815,
345650106415903,USGS,Long-term continuos site,34.94729167,-106.6999278,185,
345650106415904,USGS,Long-term continuos site,34.94729167,-106.6999278,50,
345758106364001,USGS,Long-term continuos site,34.96625833,-106.6116861,1630,
345758106364002,USGS,Long-term continuos site,34.96625833,-106.6116861,1015,
345758106364003,USGS,Long-term continuos site,34.96625833,-106.6116861,525,
350056106370102,USGS,Long-term continuos site,35.01586111,-106.6173167,708,
350056106370103,USGS,Long-term continuos site,35.01586111,-106.6173167,330,
350100106405701,USGS,Long-term continuos site,35.01659444,-106.6827472,595,
350100106405702,USGS,Long-term continuos site,35.01659444,-106.6827472,210,
350244106450201,USGS,Long-term continuos site,35.04563611,-106.7507528,1290,
350244106450202,USGS,Long-term continuos site,35.04563611,-106.7507528,868,
350244106450203,USGS,Long-term continuos site,35.04563611,-106.7507528,370,
350256106390801,USGS,Long-term continuos site,35.04897222,-106.6533194,765,
350307106410601,USGS,Long-term continuos site,35.05063333,-106.6839472,1623,
350307106410602,USGS,Long-term continuos site,35.05063333,-106.6839472,1025,
350359106333906,USGS,Long-term continuos site,35.06635833,-106.5610167,540,
350359106333908,USGS,Long-term continuos site,35.06635833,-106.5610167,1080,
350414104485101,USGS,Long-term continuos site,35.07055556,-104.8141667,575,
350534106354701,USGS,Long-term continuos site,35.09302222,-106.5970278,1567,
350534106354702,USGS,Long-term continuos site,35.09302222,-106.5970278,842,
350534106354703,USGS,Long-term continuos site,35.09302222,-106.5970278,425,
350545106335901,USGS,Long-term continuos site,35.09531389,-106.5660806,1455,
350545106335902,USGS,Long-term continuos site,35.09531389,-106.5660806,1050,
350545106335903,USGS,Long-term continuos site,35.09531389,-106.5660806,510,
350638106413701,USGS,Long-term continuos site,35.11000556,-106.6946222,1095,
350638106413702,USGS,Long-term continuos site,35.11000556,-106.6946222,689,
350638106413703,USGS,Long-term continuos site,35.11000556,-106.6946222,433,
350638106413704,USGS,Long-term continuos site,35.11000556,-106.6946222,328,
350638106413705,USGS,Long-term continuos site,35.11000556,-106.6946222,254,
350638106413706,USGS,Long-term continuos site,35.11000556,-106.6946222,173,
350653106311601,USGS,Long-term continuos site,35.114775,-106.5218222,1520,
350653106311602,USGS,Long-term continuos site,35.114775,-106.5218222,1045,
350706106390301,USGS,Long-term continuos site,35.11798611,-106.6512722,1020,
350706106390302,USGS,Long-term continuos site,35.11798611,-106.6512722,582,
350706106390303,USGS,Long-term continuos site,35.11798611,-106.6512722,93,
350836106395401,USGS,Long-term continuos site,35.14298611,-106.6654444,983,
350836106395402,USGS,Long-term continuos site,35.14298611,-106.6654444,836,
350836106395403,USGS,Long-term continuos site,35.14298611,-106.6654444,568,
350836106395404,USGS,Long-term continuos site,35.14298611,-106.6654444,182,
350908106344401,USGS,Long-term continuos site,35.15256667,-106.5794917,1308,
350908106344402,USGS,Long-term continuos site,35.15256667,-106.5794917,799,
350910106414801,USGS,Long-term continuos site,35.15273889,-106.6965194,1644,
350910106414802,USGS,Long-term continuos site,35.15273889,-106.6965194,928,
350910106414803,USGS,Long-term continuos site,35.15273889,-106.6965194,210,
351114106330601,USGS,Long-term continuos site,35.18660833,-106.5532111,1525,
351114106330602,USGS,Long-term continuos site,35.18660833,-106.5532111,1193,
351114106330603,USGS,Long-term continuos site,35.18660833,-106.5532111,608,
351201106400501,USGS,Long-term continuos site,35.20005278,-106.6690056,1518,
351201106400502,USGS,Long-term continuos site,35.20005278,-106.6690056,855,
351201106400503,USGS,Long-term continuos site,35.20005278,-106.6690056,238,
351201106400504,USGS,Long-term continuos site,35.20005278,-106.6690056,359,
351201106400505,USGS,Long-term continuos site,35.20005278,-106.6690056,305,
351201106400506,USGS,Long-term continuos site,35.20005278,-106.6690056,263,
351357106323001,USGS,Long-term continuos site,35.23254235,-106.5422468,1305,
351357106323002,USGS,Long-term continuos site,35.23254235,-106.5422468,1025,
351515106410401,USGS,Long-term continuos site,35.25423056,-106.6851389,1260,
351515106410402,USGS,Long-term continuos site,35.25423056,-106.6851389,835,
351515106410403,USGS,Long-term continuos site,35.25423056,-106.6851389,595,
351821106333901,USGS,Long-term continuos site,35.30549722,-106.559925,1190,
351821106333902,USGS,Long-term continuos site,35.30549722,-106.559925,320,
352949105144301,USGS,Long-term continuos site,35.49697222,-105.2453889,165,
353146105144801,USGS,Long-term continuos site,35.52693889,-105.2467,113,
353348106025101,USGS,Long-term continuos site,35.56333333,-106.0475,1320,
353945105574501,USGS,Long-term continuos site,35.66253123,-105.9630771,1952,
353945105574502,USGS,Long-term continuos site,35.66253123,-105.9630771,1060,
353945105574503,USGS,Long-term continuos site,35.66253123,-105.9630771,780,
354056106215801,USGS,Long-term continuos site,35.68141751,-106.3666945,1295,
354228106044901,USGS,Long-term continuos site,35.70777778,-106.0802778,1990,
354228106044902,USGS,Long-term continuos site,35.70777778,-106.0802778,1320,
354228106044903,USGS,Long-term continuos site,35.70777778,-106.0802778,450,
354321105573701,USGS,Long-term continuos site,35.7225,-105.9602778,1100,
354321105573702,USGS,Long-term continuos site,35.7225,-105.9602778,920,
354731106072001,USGS,Long-term continuos site,35.79194444,-106.1222222,2440,
354731106072002,USGS,Long-term continuos site,35.79194444,-106.1222222,1340,
354731106072003,USGS,Long-term continuos site,35.79194444,-106.1222222,480,
355000106092802,USGS,Long-term continuos site,35.83335929,-106.1583583,824,
355000106092803,USGS,Long-term continuos site,35.83335929,-106.1583583,346,
355120105593901,USGS,Long-term continuos site,35.85555556,-105.9941667,520,
355120105593902,USGS,Long-term continuos site,35.85555556,-105.9941667,320,
362714103071201,USGS,Long-term continuos site,32.01149444,-103.2919722,604,
364255108053202,USGS,Long-term continuos site,36.71538889,-108.0929722,61.25,
365204105365501,USGS,Long-term continuos site,36.86780278,-105.6152972,27,
334536108150701,USGS,Statewide Annual,33.75993889,-108.2520806,120,
334819108084601,USGS,Statewide Annual,33.80533488,-108.1467213,,
334930108043201,USGS,Statewide Annual,33.82319444,-108.0759444,,
335130107431801,USGS,Statewide Annual,33.858425,-107.7217056,350,
335243108100201,USGS,Statewide Annual,33.87975,-108.1666944,200,
335344108023001,USGS,Statewide Annual,33.89561331,-108.0422763,150,
335410108060901,USGS,Statewide Annual,33.90291667,-108.10275,,
335429108125801,USGS,Statewide Annual,33.90819444,-108.2168611,,
335430107435801,USGS,Statewide Annual,33.90839445,-107.7333786,,
335431107481201,USGS,Statewide Annual,33.9086715,-107.8039363,,
335535108112101,USGS,Statewide Annual,33.92644441,-108.1897796,,
335707107460701,USGS,Statewide Annual,33.9520049,-107.7692138,,
335709108004201,USGS,Statewide Annual,33.95255767,-108.0122767,,
335904107404901,USGS,Statewide Annual,33.98450553,-107.680878,,
340103107461701,USGS,Statewide Annual,34.01755999,-107.7719926,255,
340118107424201,USGS,Statewide Annual,34.02172724,-107.7122684,,
340225107340001,USGS,Statewide Annual,34.04019444,-107.5669722,355,
340326107303701,USGS,Statewide Annual,34.05730556,-107.5105556,,
340329107584201,USGS,Statewide Annual,34.05816667,-107.9784722,,
340451107452001,USGS,Statewide Annual,34.08083056,-107.7555,357,
340456107431601,USGS,Statewide Annual,34.08216667,-107.7214722,,
340645107451501,USGS,Statewide Annual,34.11255967,-107.7547707,,
340711107253401,USGS,Statewide Annual,34.1198,-107.426,250,
340723107425801,USGS,Statewide Annual,34.12311552,-107.7167139,,
340740107373601,USGS,Statewide Annual,34.1297,-107.6266667,,
340817107512401,USGS,Statewide Annual,34.13813889,-107.85725,,
341016107375601,USGS,Statewide Annual,34.17152778,-107.6324167,,
341228107512001,USGS,Statewide Annual,34.20775,-107.8558056,,
341243107404801,USGS,Statewide Annual,34.21194444,-107.68025,,
341435107514001,USGS,Statewide Annual,34.24305556,-107.8611389,,
341517107383401,USGS,Statewide Annual,34.25461944,-107.6427111,437,
341601107491801,USGS,Statewide Annual,34.2670025,-107.8222745,,
341712107462701,USGS,Statewide Annual,34.28672489,-107.7747729,,
314708107062501,USGS,Statewide Annual,31.78625,-107.1067778,,
315004107051901,USGS,Statewide Annual,31.83394444,-107.0895556,,
320106103555301,USGS,Statewide Annual,32.01425,-103.9616667,140,
320124104110601,USGS,Statewide Annual,32.02272222,-104.1734444,56,
320125105081701,USGS,Statewide Annual,32.02098056,-105.1435194,386,
320138105063101,USGS,Statewide Annual,32.02383056,-105.1152889,544,
320251103071401,USGS,Statewide Annual,32.05241667,-103.1209722,160,
320251103154201,USGS,Statewide Annual,32.05286111,-103.2625,190,
320309104020401,USGS,Statewide Annual,32.04972222,-104.0663056,,
320345104292601,USGS,Statewide Annual,32.0565,-104.4937222,130,
320620105025401,USGS,Statewide Annual,32.10566611,-105.0488453,,
320627104101801,USGS,Statewide Annual,32.1072,-104.1744389,,
320719104200201,USGS,Statewide Annual,32.12069444,-104.3385,,
320722105031501,USGS,Statewide Annual,32.12273056,-105.0559611,140,
320730103114801,USGS,Statewide Annual,32.13005833,-103.1973472,100,
320738104140601,USGS,Statewide Annual,32.12597222,-104.2386389,26,
320921104045601,USGS,Statewide Annual,32.15538889,-104.0835,68,
320956104040101,USGS,Statewide Annual,32.16561111,-104.0678056,,
321039104185201,USGS,Statewide Annual,32.17719444,-104.3190556,200,
321055103062101,USGS,Statewide Annual,32.18715556,-103.1059194,96,
321223104150801,USGS,Statewide Annual,32.20566111,-104.25525,55,
321540103125701,USGS,Statewide Annual,32.25901487,-103.2249094,263,
321701104034401,USGS,Statewide Annual,32.28391667,-104.0646111,150,
321727104023901,USGS,Statewide Annual,32.2909547,-104.0446601,96,
321727104131801,USGS,Statewide Annual,32.29095206,-104.2221669,180,
321752104085901,USGS,Statewide Annual,32.29677778,-104.1503889,232,
321818104043601,USGS,Statewide Annual,32.30513889,-104.0790833,160,
321828107165501,USGS,Statewide Annual,32.30526944,-107.2972611,,
321837104093601,USGS,Statewide Annual,32.30953056,-104.1615389,230,
321912104200401,USGS,Statewide Annual,32.32011625,-104.3349498,78,
321925104070101,USGS,Statewide Annual,32.32402778,-104.1345833,195,
321939104113301,USGS,Statewide Annual,32.32638889,-104.1944444,195,
321959105360201,USGS,Statewide Annual,33.33361111,-105.6052222,122,
322127103102201,USGS,Statewide Annual,32.36151156,-103.1735219,112,
322226107172702,USGS,Statewide Annual,32.37591667,-107.2913833,,
322231103262601,USGS,Statewide Annual,32.37988889,-103.4403611,60,
322238104101801,USGS,Statewide Annual,32.37638889,-104.1730917,150,
322245103053301,USGS,Statewide Annual,32.38372222,-103.0924722,400,
322403104110401,USGS,Statewide Annual,32.40041667,-104.1856667,169,
322419106204801,USGS,Statewide Annual,32.40672778,-106.3490194,478,
322456103535901,USGS,Statewide Annual,32.41666667,-103.9027778,225,
322548104140901,USGS,Statewide Annual,32.43011781,-104.236338,25,
322550106105201,USGS,Statewide Annual,32.43103056,-106.1800806,,
322556103282401,USGS,Statewide Annual,32.43613889,-103.4729722,92,
322614103160101,USGS,Statewide Annual,32.44086111,-103.2665556,242,
322637104142301,USGS,Statewide Annual,32.4425,-104.2413889,327,
322658104122402,USGS,Statewide Annual,32.44872222,-104.2076111,,
322750106535001,USGS,Statewide Annual,32.46313889,-106.8976389,,
322759104161201,USGS,Statewide Annual,32.46588889,-104.2715833,418,
322850104014201,USGS,Statewide Annual,32.48036944,-104.0299389,160,
322851104192501,USGS,Statewide Annual,32.48033333,-104.3398333,,
323040106175301,USGS,Statewide Annual,32.51431944,-106.30005,217,
323109103323801,USGS,Statewide Annual,32.52405556,-103.5446111,100,
323355103154101,USGS,Statewide Annual,32.57094444,-103.262,38,
323446106551801,USGS,Statewide Annual,32.57947222,-106.9215833,,
323534103411601,USGS,Statewide Annual,32.5965,-103.6883056,680,
323538104070601,USGS,Statewide Annual,32.59380556,-104.1188333,80,
323555103053201,USGS,Statewide Annual,32.60358333,-103.0916944,96,
323631103195701,USGS,Statewide Annual,32.61345563,-103.3335384,,
323725103253302,USGS,Statewide Annual,32.62361111,-103.4271944,,
323744105454901,USGS,Statewide Annual,33.6288,-105.7636,,
323805106194101,USGS,Statewide Annual,32.63480994,-106.3286058,50,
323813103072101,USGS,Statewide Annual,32.63997222,-103.1249444,121,
323851103225601,USGS,Statewide Annual,32.65191667,-103.3816389,,
323930108572001,USGS,Statewide Annual,32.65762778,-108.9556944,81,
323945106171901,USGS,Statewide Annual,32.66258746,-106.2891613,,
323947103412001,USGS,Statewide Annual,32.66716667,-103.6900833,131,
324000104073601,USGS,Statewide Annual,32.66561111,-104.1266389,,
324008107230101,USGS,Statewide Annual,32.66393056,-107.3834889,449,
324026103170601,USGS,Statewide Annual,32.67872222,-103.2851111,142,
324030108455401,USGS,Statewide Annual,32.67771944,-108.7617917,70,
324046103360401,USGS,Statewide Annual,32.68397222,-103.6025833,500,
324047107184201,USGS,Statewide Annual,32.6778,-107.31295,59,
324130103284901,USGS,Statewide Annual,32.69583333,-103.4824722,117,
324209108430001,USGS,Statewide Annual,32.70239722,-108.717425,70,
324215107062401,USGS,Statewide Annual,32.70419444,-107.1074722,,
324230105561001,USGS,Statewide Annual,32.708425,-105.93665,,
324235103113001,USGS,Statewide Annual,32.71475,-103.1920278,104,
324408105584901,USGS,Statewide Annual,32.73555556,-105.9802778,,
324418107075901,USGS,Statewide Annual,32.73880556,-107.1333611,170,
324420103362201,USGS,Statewide Annual,32.74262259,-103.6085541,,
324442105564501,USGS,Statewide Annual,32.74628056,-105.9456889,196,
324455103283501,USGS,Statewide Annual,32.74758333,-103.4796944,190,
324501107162101,USGS,Statewide Annual,32.75008333,-107.27225,,
324605105590401,USGS,Statewide Annual,32.76611111,-105.987,,
324620104255001,USGS,Statewide Annual,32.77333333,-104.4133333,1008,
324627103070201,USGS,Statewide Annual,32.77860833,-103.1202111,143,
324648106102701,USGS,Statewide Annual,32.77927778,-106.1745278,34,
324706105181101,USGS,Statewide Annual,32.78608333,-105.3005833,,
324728105364601,USGS,Statewide Annual,32.78811111,-105.6153611,,
324745103082001,USGS,Statewide Annual,32.79573056,-103.1443306,126,
324745103251501,USGS,Statewide Annual,32.79619444,-103.4276944,121,
324753105573301,USGS,Statewide Annual,32.79814513,-105.9597068,,
324755103145501,USGS,Statewide Annual,32.79519444,-103.24775,100,
324756105590801,USGS,Statewide Annual,32.799,-105.9859444,235,
324813105594001,USGS,Statewide Annual,32.8051,-105.9980194,,
324906103193501,USGS,Statewide Annual,32.82252778,-103.3294444,110,
324913103403501,USGS,Statewide Annual,32.82233333,-103.6794722,,
324918103240601,USGS,Statewide Annual,32.8255,-103.405,90,
324924106160201,USGS,Statewide Annual,32.82327778,-106.2677778,25,
324925103303501,USGS,Statewide Annual,32.8265,-103.5129444,,
325008108302501,USGS,Statewide Annual,32.83525556,-108.5054944,175,
325107105574701,USGS,Statewide Annual,32.8519,-105.963,,
325108105324901,USGS,Statewide Annual,32.854,-105.5506389,105,
325115103141501,USGS,Statewide Annual,32.85644444,-103.2393056,130,
325115105321401,USGS,Statewide Annual,32.85341111,-105.5371306,105,
325132103112501,USGS,Statewide Annual,32.85536111,-103.1962778,125,
325137103191701,USGS,Statewide Annual,32.864,-103.3245556,145,
325143107071901,USGS,Statewide Annual,32.86325,-107.1239167,,
325307103110001,USGS,Statewide Annual,32.89988889,-103.1864722,118,
325322107001001,USGS,Statewide Annual,32.88955556,-107.0029167,,
325329107040001,USGS,Statewide Annual,32.88952778,-107.0710556,,
325341105135401,USGS,Statewide Annual,32.89526111,-105.2346,160,
325405105580901,USGS,Statewide Annual,32.90244444,-105.9690278,,
325430105305301,USGS,Statewide Annual,32.90763889,-105.5144167,,
325540105345301,USGS,Statewide Annual,32.92630556,-105.58075,127,
325543105595301,USGS,Statewide Annual,32.9287,-105.9981111,,
325545103243001,USGS,Statewide Annual,32.92825,-103.4170556,82,
325600103412401,USGS,Statewide Annual,32.93455556,-103.6946667,,
325619103323101,USGS,Statewide Annual,32.941,-103.5463056,110,
325623103061501,USGS,Statewide Annual,32.94172222,-103.1068056,117,
325630105194801,USGS,Statewide Annual,32.94301944,-105.3336806,139,
325645103171501,USGS,Statewide Annual,32.94183333,-103.295,125,
325654105180101,USGS,Statewide Annual,32.94843174,-105.3008145,163,
325730103213901,USGS,Statewide Annual,32.95805556,-103.3611111,212,
325747105531901,USGS,Statewide Annual,32.962,-105.8883889,60,
325750103124001,USGS,Statewide Annual,32.95377778,-103.2119167,,
325803107274801,USGS,Statewide Annual,32.96881111,-107.4616806,1000,
325815103041001,USGS,Statewide Annual,32.97591667,-103.0757778,140,
325838108341701,USGS,Statewide Annual,32.97729138,-108.5719974,52,
325846103435401,USGS,Statewide Annual,32.98122222,-103.7318889,348,
325848103252601,USGS,Statewide Annual,32.98330556,-103.4274167,,
325909105593901,USGS,Statewide Annual,32.9858,-105.9943,,
325909105594101,USGS,Statewide Annual,32.9857,-105.9946,,
325913105405001,USGS,Statewide Annual,32.98733333,-105.6814167,,
330022108333101,USGS,Statewide Annual,33.00955556,-108.5630722,65,
330045103103001,USGS,Statewide Annual,33.00980556,-103.1771667,122,
330125106014601,USGS,Statewide Annual,33.02375,-106.0281944,198,
330205108415801,USGS,Statewide Annual,33.03541667,-108.7013833,101,
330254105583501,USGS,Statewide Annual,33.04825,-105.9766111,400,
330255103351601,USGS,Statewide Annual,33.05206286,-103.5921728,,
330257103142001,USGS,Statewide Annual,33.05291667,-103.2395,125,
330312103054301,USGS,Statewide Annual,33.05363889,-103.0987222,182,
330321106011101,USGS,Statewide Annual,33.05508456,-106.0194357,230,
330409107190701,USGS,Statewide Annual,33.07072222,-107.3158611,35,
330431103045901,USGS,Statewide Annual,33.07977778,-103.0846389,149,
330440106054101,USGS,Statewide Annual,33.0778,-106.0946,,
330458103251001,USGS,Statewide Annual,33.08202778,-103.4211667,137,
330523103124802,USGS,Statewide Annual,33.08983333,-103.2138333,200,
330527106041302,USGS,Statewide Annual,33.092,-106.0713056,,
330535103072701,USGS,Statewide Annual,33.09663889,-103.1250278,132,
330555103185001,USGS,Statewide Annual,33.09713889,-103.3165278,95,
330718103053201,USGS,Statewide Annual,33.12622222,-103.0941111,165,
330819103200101,USGS,Statewide Annual,33.14022222,-103.3348333,110,
330931103230901,USGS,Statewide Annual,33.16244444,-103.3865556,80,
331010106030801,USGS,Statewide Annual,33.1694,-106.0522,,
331033103083701,USGS,Statewide Annual,33.17644444,-103.1449444,140,
331036107162001,USGS,Statewide Annual,33.17452778,-107.2668056,118,
331116107162001,USGS,Statewide Annual,33.18647222,-107.2722778,90,
331136103144601,USGS,Statewide Annual,33.19705748,-103.2471701,135,
331237106022001,USGS,Statewide Annual,33.21026944,-106.0388806,,
331241103094001,USGS,Statewide Annual,33.21566549,-103.1627238,126,
331350103285101,USGS,Statewide Annual,33.23508333,-103.4815556,130,
331713103283301,USGS,Statewide Annual,33.29183333,-103.4762222,88,
331750103093801,USGS,Statewide Annual,33.30055556,-103.1620833,38,
331900107194601,USGS,Statewide Annual,33.31513889,-107.3293611,,
331905108525701,USGS,Statewide Annual,33.31791111,-108.8832194,35,
331943103332801,USGS,Statewide Annual,33.33254444,-103.5590722,69,
332102105333601,USGS,Statewide Annual,33.35056667,-105.5618083,90,
332113105180301,USGS,Statewide Annual,33.35336944,-105.29925,112,
332113105334301,USGS,Statewide Annual,33.35360402,-105.5647004,100,
332119105084101,USGS,Statewide Annual,33.35266111,-105.1483111,85,
332247105383401,USGS,Statewide Annual,33.37968889,-105.64545,510,
332329105164301,USGS,Statewide Annual,33.38927778,-105.2835556,82,
332340105163101,USGS,Statewide Annual,33.39316944,-105.2799111,90,
332343105362701,USGS,Statewide Annual,33.39344444,-105.6174722,,
332402105282201,USGS,Statewide Annual,33.39697222,-105.4748889,130,
332419105441902,USGS,Statewide Annual,33.40560278,-105.7389778,595,
332443105194601,USGS,Statewide Annual,33.40971111,-105.3318389,86,
332529105340201,USGS,Statewide Annual,33.42463889,-105.5673611,,
332641105394501,USGS,Statewide Annual,33.44552778,-105.6698611,154,
332655105361501,USGS,Statewide Annual,33.44872222,-105.6041667,,
332914105281201,USGS,Statewide Annual,33.48805556,-105.4720833,366,
333030105294801,USGS,Statewide Annual,33.50911111,-105.5004722,100,
333154105341001,USGS,Statewide Annual,33.53318056,-105.5712306,125,
333229105361401,USGS,Statewide Annual,33.54344444,-105.6054444,250,
333357107052601,USGS,Statewide Annual,33.56575,-107.0898056,65,
333600103160901,USGS,Statewide Annual,33.59983333,-103.2716111,130,
333931103201301,USGS,Statewide Annual,33.65813889,-103.3405,,
333949107015601,USGS,Statewide Annual,33.66369444,-107.0328056,94,
334054103280801,USGS,Statewide Annual,33.68091667,-103.4746667,95,
334610103252701,USGS,Statewide Annual,33.77397222,-103.4274444,165,
334740103150001,USGS,Statewide Annual,33.79202778,-103.2497222,140,
334745106510001,USGS,Statewide Annual,33.80735,-106.8515889,32,
334905103071001,USGS,Statewide Annual,33.81911111,-103.1204444,130,
334935103385801,USGS,Statewide Annual,33.82633333,-103.6533056,184,
335051103152601,USGS,Statewide Annual,33.85141667,-103.258,108,
335100106500901,USGS,Statewide Annual,33.85008333,-106.83675,50,
335109103255801,USGS,Statewide Annual,33.85647222,-103.4332778,,
335152106512001,USGS,Statewide Annual,33.86968611,-106.862425,127,
335216106443001,USGS,Statewide Annual,33.87101944,-106.7420306,,
335236103123301,USGS,Statewide Annual,33.89161111,-103.2111944,178,
335250106394901,USGS,Statewide Annual,33.88076111,-106.6613,337,
335325103031501,USGS,Statewide Annual,33.89527778,-103.0540833,175,
335404106521701,USGS,Statewide Annual,33.90105556,-106.8715,,
335605103224401,USGS,Statewide Annual,33.93875,-103.3816389,,
335626106422001,USGS,Statewide Annual,33.94069444,-106.70625,63,
335640103374101,USGS,Statewide Annual,33.94441667,-103.6321389,154,
335640106520901,USGS,Statewide Annual,33.94441111,-106.8697389,137,
335801103050101,USGS,Statewide Annual,33.96647222,-103.088,,
335836103133301,USGS,Statewide Annual,33.97472222,-103.2292778,272,
340014104295801,USGS,Statewide Annual,34.00397222,-104.4999722,110,
340038106274101,USGS,Statewide Annual,34.01075,-106.4618333,147,
340058106561101,USGS,Statewide Annual,34.01530556,-106.9368611,546,
340116103214701,USGS,Statewide Annual,34.02546111,-103.3639111,,
340142104372801,USGS,Statewide Annual,34.02913889,-104.6266389,100,
340203106550701,USGS,Statewide Annual,34.03428889,-106.91795,,
340243104192401,USGS,Statewide Annual,34.04513889,-104.3265556,40,
340535106434201,USGS,Statewide Annual,34.09408333,-106.7274722,102,
340642103042601,USGS,Statewide Annual,34.11258333,-103.0742778,,
340716103124401,USGS,Statewide Annual,34.12238889,-103.2131389,122,
340719103230601,USGS,Statewide Annual,34.12548056,-103.38625,,
340816103342801,USGS,Statewide Annual,34.14130556,-103.57625,150,
340825108492501,USGS,Statewide Annual,34.14025,-108.8241389,,
340842103123101,USGS,Statewide Annual,34.14466111,-103.2127389,133,
341002103303001,USGS,Statewide Annual,34.16840833,-103.5108806,110,
341012106545401,USGS,Statewide Annual,34.16966667,-106.9154444,,
341042103152001,USGS,Statewide Annual,34.17847222,-103.2557889,132,
341100108390501,USGS,Statewide Annual,34.18377778,-108.6512778,,
341129103030501,USGS,Statewide Annual,34.19266944,-103.05455,,
341143103032101,USGS,Statewide Annual,34.288,-103.0581,310,
341212103324001,USGS,Statewide Annual,34.20663889,-103.5451389,126,
341219106554901,USGS,Statewide Annual,34.20569444,-106.9310833,140,
341237104175101,USGS,Statewide Annual,34.20963889,-104.2992778,100,
341246106460901,USGS,Statewide Annual,34.21261111,-106.7667222,,
341247103373901,USGS,Statewide Annual,34.21630556,-103.6283611,,
341315103300001,USGS,Statewide Annual,34.22976944,-103.5021194,110,
341319106410301,USGS,Statewide Annual,34.22202778,-106.6848611,,
341419103053501,USGS,Statewide Annual,34.23986944,-103.0958694,243,
341438103354601,USGS,Statewide Annual,34.24472222,-103.5983333,146,
341545103202501,USGS,Statewide Annual,34.26408056,-103.3400194,,
341605106434201,USGS,Statewide Annual,34.26438889,-106.7313611,,
341627103390301,USGS,Statewide Annual,34.27413889,-103.65225,160,
341650104322101,USGS,Statewide Annual,34.28061111,-104.5413056,186,
342041106504601,USGS,Statewide Annual,34.34397222,-106.8466944,89,
342102104335701,USGS,Statewide Annual,34.35055556,-104.5660278,210,
342121103142301,USGS,Statewide Annual,34.36048889,-103.2404306,337,
342214103091301,USGS,Statewide Annual,34.37556111,-103.1545306,300,
342400103270401,USGS,Statewide Annual,34.40061944,-103.4523472,231,
342556103382101,USGS,Statewide Annual,34.43444444,-103.6418056,313,
342600103475701,USGS,Statewide Annual,34.43377778,-103.7993889,,
342651103073201,USGS,Statewide Annual,34.44808333,-103.1254444,,
342702103573601,USGS,Statewide Annual,34.45062491,-103.9605226,85,
342727104121801,USGS,Statewide Annual,34.44168889,-104.1980694,180,
342734104322301,USGS,Statewide Annual,34.44738889,-104.5366111,165,
342736103203701,USGS,Statewide Annual,34.46431944,-103.3457389,418,
342749103541301,USGS,Statewide Annual,34.46479202,-103.9080215,105,
342753106485501,USGS,Statewide Annual,34.46480556,-106.8156111,210,
342821108422701,USGS,Statewide Annual,34.47246944,-108.7084,28,
342824108340001,USGS,Statewide Annual,34.47355556,-108.5668889,248,
342853106454101,USGS,Statewide Annual,34.48130556,-106.7653611,170,
342922106550301,USGS,Statewide Annual,34.48966667,-106.9178333,143,
343252103324001,USGS,Statewide Annual,34.5513,-103.5465194,350,
343257103174901,USGS,Statewide Annual,34.55347222,-103.2989722,,
343304106465001,USGS,Statewide Annual,34.55061111,-106.78175,123,
343347103345001,USGS,Statewide Annual,34.56502778,-103.5816389,401,
343351103471301,USGS,Statewide Annual,34.56522222,-103.79175,100,
343511103555001,USGS,Statewide Annual,34.58993889,-103.9327194,100,
343626103054101,USGS,Statewide Annual,34.61161111,-103.0958333,393,
343647103030901,USGS,Statewide Annual,34.61808333,-103.0538611,,
343730103055601,USGS,Statewide Annual,34.63272222,-103.1024167,374,
344019103463801,USGS,Statewide Annual,34.67208333,-103.7783611,226,
344020103123101,USGS,Statewide Annual,34.67616667,-103.2122778,31,
344048106382501,USGS,Statewide Annual,34.67977778,-106.6406944,,
344158103083501,USGS,Statewide Annual,34.70325,-103.1451389,,
344202103043001,USGS,Statewide Annual,34.705,-103.0766667,377,
344228103031501,USGS,Statewide Annual,34.71230556,-103.0557306,397,
344229103580701,USGS,Statewide Annual,34.70941111,-103.97115,,
344234104103501,USGS,Statewide Annual,34.69155556,-104.17025,125,
344239105292001,USGS,Statewide Annual,34.71826111,-105.4922806,,
344339103530001,USGS,Statewide Annual,34.7275,-103.8838889,,
344406103555501,USGS,Statewide Annual,34.73613889,-103.9358889,131,
344538103272301,USGS,Statewide Annual,34.76405556,-103.4604722,387,
344635103040301,USGS,Statewide Annual,34.78108333,-103.0691667,262,
344709103214801,USGS,Statewide Annual,34.78994444,-103.3669444,,
344729103494001,USGS,Statewide Annual,34.79297222,-103.8323611,,
344734103542301,USGS,Statewide Annual,34.79416667,-103.9100278,,
344922103094101,USGS,Statewide Annual,34.82252778,-103.16125,,
344927104174901,USGS,Statewide Annual,34.82444444,-104.2969722,49,
345039104212401,USGS,Statewide Annual,34.84483333,-104.3565556,48,
345040104053901,USGS,Statewide Annual,34.84444444,-104.0947222,,
345231103022702,USGS,Statewide Annual,34.88088889,-103.0428889,,
345235106384401,USGS,Statewide Annual,34.87655556,-106.6457778,123,
345346106451201,USGS,Statewide Annual,34.89602778,-106.7537778,175,
345511108202101,USGS,Statewide Annual,34.91958333,-108.3393333,361,
345557103041301,USGS,Statewide Annual,34.93766667,-103.0727222,142,
345602103265301,USGS,Statewide Annual,34.93813889,-103.4512778,112,
345734103483301,USGS,Statewide Annual,34.95944444,-103.8091667,30,
350023105192101,USGS,Statewide Annual,35.00675,-105.3228333,,
350130106352001,USGS,Statewide Annual,35.02438889,-106.5865556,,
350227103204701,USGS,Statewide Annual,35.04141667,-103.3479167,68,
350300107491201,USGS,Statewide Annual,35.05,-107.8283889,165,
350306107263401,USGS,Statewide Annual,35.05170833,-107.4435306,97,
350456103303001,USGS,Statewide Annual,35.08305556,-103.5104444,186,
350507103334101,USGS,Statewide Annual,35.08555556,-103.5593056,90,
350514107502701,USGS,Statewide Annual,35.08726174,-107.8414459,70,
350534106385801,USGS,Statewide Annual,35.0925,-106.6926389,52.5,
350543103501401,USGS,Statewide Annual,35.09533567,-103.8377458,350,
350744103312301,USGS,Statewide Annual,35.13008333,-103.5256667,200,
350824103031101,USGS,Statewide Annual,35.14069444,-103.0569167,63,
350825103482901,USGS,Statewide Annual,35.14191667,-103.8084444,50,
350831103482101,USGS,Statewide Annual,35.14391667,-103.8074444,325,
350833103230101,USGS,Statewide Annual,35.14402778,-103.3871389,125,
350857103343401,USGS,Statewide Annual,35.15022222,-103.5793889,202,
350923107522701,USGS,Statewide Annual,35.15678889,-107.8745694,158,
350930103302801,USGS,Statewide Annual,35.15941667,-103.5100833,120,
351010103315201,USGS,Statewide Annual,35.17027778,-103.5336389,134,
351014105025501,USGS,Statewide Annual,35.17071944,-105.4848,280,
351017103112001,USGS,Statewide Annual,35.17202778,-103.1906944,72,
351019106404001,USGS,Statewide Annual,35.17150278,-106.6792083,274,
351040103433602,USGS,Statewide Annual,35.18038889,-103.7297778,360,
351200103233301,USGS,Statewide Annual,35.20177778,-103.3959167,,
351211107532901,USGS,Statewide Annual,35.20375,-107.8912778,480,
351221106360601,USGS,Statewide Annual,35.20558333,-106.6024167,15.81,
351224106424501,USGS,Statewide Annual,35.23177778,-106.7073611,675,
351226106330301,USGS,Statewide Annual,35.20727778,-106.5511389,,
351233103040501,USGS,Statewide Annual,35.20991667,-103.0716667,,
351244103162701,USGS,Statewide Annual,35.21322222,-103.2779167,50,
351331107523401,USGS,Statewide Annual,35.22527778,-107.8761111,843,
351425107522101,USGS,Statewide Annual,35.23983333,-107.8725556,371,
351452107552301,USGS,Statewide Annual,35.24783333,-107.9236667,275,
351522108353301,USGS,Statewide Annual,35.25525,-108.5910833,,
351549103064401,USGS,Statewide Annual,35.26536111,-103.1148889,31,
351651107594501,USGS,Statewide Annual,35.28047222,-107.9956667,370,
351700103323101,USGS,Statewide Annual,35.28486111,-103.5432222,249,
351805103151301,USGS,Statewide Annual,35.30280556,-103.2566944,305,
351844103254001,USGS,Statewide Annual,35.31372222,-103.43,234,
352023107473201,USGS,Statewide Annual,35.33947222,-107.7927222,155,
352127103152501,USGS,Statewide Annual,35.35925,-103.2596944,,
352149103240901,USGS,Statewide Annual,35.36468333,-103.4048,240,
352149103284001,USGS,Statewide Annual,35.36522222,-103.4803611,324,
352156103080201,USGS,Statewide Annual,35.36713889,-103.1366667,88,
352403105274201,USGS,Statewide Annual,35.4011,-105.4631806,246,
352416108323401,USGS,Statewide Annual,35.40455556,-108.5433611,,
352421103291501,USGS,Statewide Annual,35.40666667,-103.4903056,360,
352426103284402,USGS,Statewide Annual,35.40813889,-103.4816667,350,
352433107462101,USGS,Statewide Annual,35.409,-107.7898,3275,
352455103282801,USGS,Statewide Annual,35.41583333,-103.4765833,155,
352550103364201,USGS,Statewide Annual,35.43125,-103.6126111,49,
352725105160901,USGS,Statewide Annual,35.45695,-105.2690694,105,
352726105084401,USGS,Statewide Annual,35.45773056,-105.1467889,128,
352826108325201,USGS,Statewide Annual,35.474,-108.5493889,347,
353001105402601,USGS,Statewide Annual,35.50036111,-105.67375,285,
353014103284501,USGS,Statewide Annual,35.50436111,-103.4811389,200,
353125108124001,USGS,Statewide Annual,35.52311944,-108.2126,1275,
353159105191401,USGS,Statewide Annual,35.53305556,-105.3211389,270,
353202106084101,USGS,Statewide Annual,35.534,-106.1446,,
353203105574501,USGS,Statewide Annual,35.53426944,-105.9623694,,
353239103111301,USGS,Statewide Annual,35.54858333,-103.1902222,175,
353345105425601,USGS,Statewide Annual,35.56311111,-105.715,300,
353346103305201,USGS,Statewide Annual,35.5628231,-103.51496,45,
353418105145601,USGS,Statewide Annual,35.57173056,-105.24915,850,
353506105431401,USGS,Statewide Annual,35.58466667,-105.7213611,431,
353516106035801,USGS,Statewide Annual,35.5869,-106.069,395,
353526106001301,USGS,Statewide Annual,35.5906,-106.0037,,
353659107564101,USGS,Statewide Annual,35.61641667,-107.9452222,2094,
353816108170101,USGS,Statewide Annual,35.63777778,-108.2841667,1375,
353919103135301,USGS,Statewide Annual,35.65666667,-103.2333056,204,
353943105564801,USGS,Statewide Annual,35.6634,-105.9480694,,
354013105580601,USGS,Statewide Annual,35.67022222,-105.9679167,989,
354053105565301,USGS,Statewide Annual,35.68146111,-105.9479611,,
354119106023801,USGS,Statewide Annual,35.58856111,-106.0445306,740,
354155104325101,USGS,Statewide Annual,35.69855556,-104.5473611,265,
354200103394801,USGS,Statewide Annual,35.70072222,-103.6665833,91.8,
354235108170702,USGS,Statewide Annual,35.70972222,-108.2855833,2225,
354235108170703,USGS,Statewide Annual,35.70966667,-108.2855833,1728,
354243108104701,USGS,Statewide Annual,35.71194444,-108.1802778,1037,
354310105035801,USGS,Statewide Annual,35.71936111,-105.0661944,,
354400108463001,USGS,Statewide Annual,35.73327778,-108.7755833,520,
354738105553901,USGS,Statewide Annual,35.79388889,-105.9275,211,
354811105252301,USGS,Statewide Annual,35.804,-105.4245833,125,
354813103255202,USGS,Statewide Annual,35.80097222,-103.4320833,204,
354956103225501,USGS,Statewide Annual,35.83222222,-103.3825,164,
355004104513301,USGS,Statewide Annual,35.82736111,-104.8609167,,
355034103491601,USGS,Statewide Annual,35.84256111,-103.82425,49,
355052103030901,USGS,Statewide Annual,35.84891667,-103.0545833,,
355144103041201,USGS,Statewide Annual,35.86391667,-103.0723333,206,
355302103072201,USGS,Statewide Annual,35.882,-103.1253333,146,
355304103264001,USGS,Statewide Annual,35.88444444,-103.4448056,53,
355306105152901,USGS,Statewide Annual,35.87672222,-105.2708056,210,
355352104054201,USGS,Statewide Annual,35.89930556,-104.0966667,75,
355540105210201,USGS,Statewide Annual,35.9205,-105.3568611,,
355550103043101,USGS,Statewide Annual,35.93180556,-103.0755278,236,
355632104462901,USGS,Statewide Annual,35.94086111,-104.7832222,,
355632105145302,USGS,Statewide Annual,35.93372222,-105.2533056,,
355721103274401,USGS,Statewide Annual,35.95475,-103.4625278,136.1,
355758107042301,USGS,Statewide Annual,35.96641667,-107.0740833,240,
355838103595801,USGS,Statewide Annual,35.97722222,-103.9997222,109.6,
355842103403801,USGS,Statewide Annual,35.97963889,-103.6865,40.9,
355918106584301,USGS,Statewide Annual,35.98816667,-106.9791389,70,
355936104174901,USGS,Statewide Annual,35.99366667,-104.2979722,16,
355947105105001,USGS,Statewide Annual,35.99069444,-105.1826944,,
360004105200501,USGS,Statewide Annual,36.00097222,-105.3396111,355,
360025104422901,USGS,Statewide Annual,36.00691667,-104.7081667,408,
360033103023101,USGS,Statewide Annual,36.00852778,-103.045,220,
360212104105201,USGS,Statewide Annual,36.03416667,-104.1834444,48.6,
360321104150901,USGS,Statewide Annual,36.05427778,-104.2531667,,
360339103485701,USGS,Statewide Annual,36.06013889,-103.8191667,83.8,
360421104163701,USGS,Statewide Annual,36.07194444,-104.2790278,38,
360432104204901,USGS,Statewide Annual,36.07419444,-104.3498056,106,
360513104384701,USGS,Statewide Annual,36.0885,-104.64675,415,
360716106090301,USGS,Statewide Annual,36.12238889,-106.1541944,46,
360815104135901,USGS,Statewide Annual,36.13753176,-104.2335907,201,
361028104084201,USGS,Statewide Annual,36.175,-104.1458611,182.4,
361227103070601,USGS,Statewide Annual,36.20603889,-103.1186389,405,
361311103103010,USGS,Statewide Annual,36.22427778,-103.1853056,,
361314103183301,USGS,Statewide Annual,36.21882778,-103.3108861,207,
361345103551901,USGS,Statewide Annual,36.22913889,-103.9232778,,
361741103051001,USGS,Statewide Annual,36.29269444,-103.0863333,,
362120104344101,USGS,Statewide Annual,36.36241667,-104.5778889,65,
362206103083801,USGS,Statewide Annual,36.36886111,-103.1454444,411,
362352105170901,USGS,Statewide Annual,36.39819444,-105.2859167,96,
362435104502701,USGS,Statewide Annual,36.42366111,-104.8434806,42,
362540103095001,USGS,Statewide Annual,36.42652778,-103.1681667,185,
362616103241401,USGS,Statewide Annual,36.43780462,-103.4043924,76.4,
362733103545901,USGS,Statewide Annual,36.45586111,-103.9170556,170,
362820105362001,USGS,Statewide Annual,36.45845,-105.6284306,,
363410103064801,USGS,Statewide Annual,36.56925,-103.1141111,200,
364123104085101,USGS,Statewide Annual,36.68972222,-104.1475,195,
364522104034501,USGS,Statewide Annual,36.75311111,-104.0655556,120,
364536108271201,USGS,Statewide Annual,36.75998611,-108.4532194,19,
364536108271202,USGS,Statewide Annual,36.75998611,-108.4532583,12.7,
364603105511101,USGS,Statewide Annual,36.76658056,-105.8535194,,
364757105372801,USGS,Statewide Annual,36.80001111,-105.6249611,310,
364811105455801,USGS,Statewide Annual,36.80285,-105.7674389,360,
364826108234301,USGS,Statewide Annual,36.80686389,-108.39635,60,
364916108234301,USGS,Statewide Annual,36.82163611,-108.3959806,600,
364934108242601,USGS,Statewide Annual,36.82601944,-108.4072472,290,
365035105360501,USGS,Statewide Annual,36.84330556,-105.5989722,500,
365152108160801,USGS,Statewide Annual,36.8644452,-108.2695226,330,
365244108290601,USGS,Statewide Annual,36.87888889,-108.4855556,,
365524105445201,USGS,Statewide Annual,36.92193889,-105.7460306,,
365554103020902,USGS,Statewide Annual,36.92611111,-103.0371389,140,
365719108125101,USGS,Statewide Annual,36.95513889,-108.21425,324.4,
AR-0209,NMBGMR,Continuous,36.83826139,-107.9921953,20,
AR-0214,NMBGMR,Intermittent,36.75973365,-108.2009266,370,
CP-0037,NMBGMR,Continuous,34.4046926,-103.1730386,356,
EB-132,NMBGMR,Intermittent,35.56985297,-106.0968333,135,
EB-165,NMBGMR,Continuous,35.76123806,-105.9903545,805,
EB-220,NMBGMR,Continuous,35.58693613,-106.068987,161,
EB-306,NMBGMR,Continuous,35.57743446,-106.1087674,43,
EB-340,NMBGMR,Intermittent,35.56311588,-106.1069261,155,
EB-373,NMBGMR,Continuous,35.60996407,-106.0850151,300,
EB-390,NMBGMR,Intermittent,35.53705132,-106.0514147,500,
EB-691,NMBGMR,Continuous,35.57813753,-106.1009193,180,
EB-696,NMBGMR,Continuous,35.57973941,-106.0630861,117,
GT-002,NMBGMR,Intermittent,34.1976988,-107.731732,500,
HS-039,NMBGMR,Continuous,33.11425122,-107.283397,26,
HS-061,NMBGMR,Continuous,33.12710355,-107.2510542,71,
LC-010,NMBGMR,Continuous,35.57281055,-106.10568,180,
LC-025,NMBGMR,Continuous,35.56515797,-106.1034893,18,
MG-009,NMBGMR,Continuous,34.0666375,-107.2356204,200,
MG-030,NMBGMR,Continuous,34.10163383,-107.2702699,420,
MG-034,NMBGMR,Continuous,34.1438926,-107.2044828,335,
MG-038,NMBGMR,Continuous,34.13145202,-107.2093964,135,
MG-039,NMBGMR,Intermittent,34.11145691,-107.2661207,185,
MG-041,NMBGMR,Intermittent,34.11133792,-107.2647518,135,
MG-043,NMBGMR,Intermittent,34.10252517,-107.2718003,230,
NM-00037,NMBGMR,Continuous,32.02241565,-105.1141769,20,
NM-00039,NMBGMR,Intermittent,32.02098746,-105.143529,386,
NM-01941,NMBGMR,Intermittent,32.01657157,-107.7562711,,
NM-02402,NMBGMR,Intermittent,32.41781651,-107.7077026,96,
NM-05950,NMBGMR,Intermittent,32.2785798,-107.4535178,,
NM-07039,NMBGMR,Intermittent,32.47527537,-107.6452475,,
NM-26614,NMBGMR,Intermittent,36.77856744,-103.9775846,680,
PB-0012,NMBGMR,Intermittent,35.57003275,-106.3763509,,
PB-0020,NMBGMR,Continuous,35.57361333,-106.3345443,195,
PC-002,NMBGMR,Continuous,35.29864823,-106.4470518,165,
PC-019,NMBGMR,Continuous,35.32524518,-106.4334551,580,
PC-029,NMBGMR,Intermittent,35.29654937,-106.4048395,140,
PC-055,NMBGMR,Intermittent,35.34290181,-106.3985442,300,
PC-121,NMBGMR,Intermittent,35.29935307,-106.4179973,270,
QU-004,NMBGMR,Continuous,36.71297667,-105.5810223,449,
QU-036,NMBGMR,Intermittent,36.65071069,-105.6065211,835,
QU-100,NMBGMR,Continuous,36.69651642,-105.6079666,30,
QU-101,NMBGMR,Continuous,36.69651642,-105.6079666,143,
QU-158,NMBGMR,Intermittent,36.60418429,-105.6258466,245,
SA-0009,NMBGMR,Continuous,34.21193563,-107.6805835,297,
SA-0034,NMBGMR,Intermittent,34.0581775,-107.9790104,234,
SA-0076,NMBGMR,Continuous,34.07284945,-107.6188495,284,
SA-0134,NMBGMR,Continuous,33.39883598,-107.4513427,215,
SA-0135,NMBGMR,Continuous,33.39677413,-107.4516502,220,
SA-0174,NMBGMR,Continuous,33.85842411,-107.7217055,324,
SA-0231,NMBGMR,Continuous,34.11981606,-107.4255145,30,
SA-0233,NMBGMR,Continuous,34.14999845,-107.8163636,407,
SA-0239,NMBGMR,Intermittent,34.134711,-107.8692144,140,
SA-0240,NMBGMR,Continuous,34.13392266,-107.8690035,307,
SM-0001,NMBGMR,Continuous,32.693148,-105.7944176,69,
SM-0049,NMBGMR,Continuous,32.85426455,-105.7951771,298,
SM-0232,NMBGMR,Continuous,32.85338321,-105.5371559,64,
SM-0235,NMBGMR,Continuous,32.88985945,-105.4847208,100,
SM-0246,NMBGMR,Continuous,32.87759301,-105.1775729,22,
SM-0257,NMBGMR,Continuous,32.90453673,-105.6301416,80,
SM-0258,NMBGMR,Continuous,32.90548092,-105.5938877,110,
SM-0259,NMBGMR,Continuous,32.92188343,-105.5931309,410,
SO-0127,NMBGMR,Continuous,34.00301359,-106.8697085,81,
SO-0184,NMBGMR,Continuous,33.92489464,-106.8520336,65,
SO-0255,NMBGMR,Continuous,33.67940674,-106.9977541,55,
SO-0260,NMBGMR,Continuous,33.72332225,-106.9145666,53,
TB-0029,NMBGMR,Continuous,33.26993275,-106.0617349,724,
TB-0044,NMBGMR,Continuous,33.08444661,-106.0107607,375,
TB-0071,NMBGMR,Continuous,33.21028245,-106.0388144,651,
TB-0084,NMBGMR,Continuous,32.89936221,-106.0259954,295,
TB-0139,NMBGMR,Continuous,32.80077354,-105.9740557,242,
TB-0255,NMBGMR,Continuous,32.78114672,-105.93365,,
TC-316,NMBGMR,Continuous,36.95278774,-105.6276764,423,
TV-121,NMBGMR,Continuous,36.36566825,-105.6795315,215,
TV-157,NMBGMR,Continuous,36.35067035,-105.634644,217,
TV-196,NMBGMR,Continuous,36.35456086,-105.7030182,450,
WL-0001,NMBGMR,Continuous,34.09370755,-106.8955562,84,
WL-0002,NMBGMR,Continuous,32.96338971,-105.6657196,580,
WL-0005,NMBGMR,Intermittent,36.47984721,-105.7469813,717,
WL-0007,NMBGMR,Continuous,34.18808023,-105.7238288,922,
WL-0008,NMBGMR,Intermittent,34.18897466,-105.7250845,940,
WL-0013,NMBGMR,Continuous,35.9097782,-104.6266113,98,
WL-0014,NMBGMR,Intermittent,35.91036068,-104.625467,160,
WL-0015,NMBGMR,Continuous,35.7970802,-104.9201952,245,
WL-0016,NMBGMR,Continuous,34.59988524,-106.0348938,240,
WL-0017,NMBGMR,Intermittent,34.34093429,-108.5153329,210,
WL-0018,NMBGMR,Continuous,34.34131119,-108.5147619,140,
WL-0021,NMBGMR,Continuous,35.47924587,-105.8817804,101,
WL-0022,NMBGMR,Continuous,34.3457377,-106.8410527,400,
WL-0024,NMBGMR,Intermittent,34.05791404,-106.9185496,400,
WL-0025,NMBGMR,Continuous,35.20508097,-107.3904256,780,
WL-0026,NMBGMR,Intermittent,35.17210227,-107.3727391,550,
WL-0027,NMBGMR,Intermittent,35.17714003,-107.4002457,450,
WL-0028,NMBGMR,Continuous,37.000034,-107.6014184,160,
WL-0031,NMBGMR,Intermittent,35.40053236,-106.157369,785,
WL-0035,NMBGMR,Continuous,33.38772405,-103.5589998,,
WL-0036,NMBGMR,Continuous,35.23122608,-106.490137,520,
WL-0037,NMBGMR,Continuous,33.30621979,-105.6433917,137,
WL-0039,NMBGMR,Intermittent,34.02701724,-107.2726439,735,
WL-0040,NMBGMR,Intermittent,33.41281792,-105.6847441,356,
WL-0042,NMBGMR,Intermittent,33.41628915,-105.6849757,800,
WL-0044,NMBGMR,Continuous,36.48001757,-105.7398943,630,
WL-0045,NMBGMR,Continuous,36.59410221,-105.6400751,136,
WL-0051,NMBGMR,Intermittent,36.59379595,-105.6533203,140,
WL-0052,NMBGMR,Intermittent,36.58826215,-105.656359,60,
WL-0053,NMBGMR,Intermittent,35.82653106,-105.4018607,245,
WL-0057,NMBGMR,Continuous,35.30829989,-108.1025065,270,
WL-0058,NMBGMR,Continuous,35.27197232,-108.127253,235,
WL-0060,NMBGMR,Continuous,35.53944699,-105.2539139,280,
WL-0062,NMBGMR,Continuous,35.71341117,-106.7588106,45,
WL-0063,NMBGMR,Continuous,35.09804634,-106.6642228,40,
WL-0064,NMBGMR,Continuous,32.92024733,-107.5725905,,
WL-0065,NMBGMR,Intermittent,32.92019216,-107.5726423,257,
WL-0067,NMBGMR,Intermittent,32.73657942,-108.1801073,,
WL-0068,NMBGMR,Intermittent,32.7356527,-108.1739946,,
WL-0071,NMBGMR,Continuous,33.02859064,-108.1686365,793,
WL-0072,NMBGMR,Continuous,35.53830182,-105.2623714,690,
WL-0077,NMBGMR,Continuous,32.2957931,-104.1663399,230,
WL-0078,NMBGMR,Intermittent,35.20431542,-107.3913037,860,
WL-0079,NMBGMR,Intermittent,35.55225497,-105.7433981,700,
WL-0080,NMBGMR,Continuous,35.55222479,-105.7439053,882,
WL-0085,NMBGMR,Continuous,33.70748295,-108.7556729,165,
WL-0086,NMBGMR,Intermittent,32.75000031,-108.1520369,,
WL-0090,NMBGMR,Continuous,32.74390046,-108.1508299,,
WL-0093,NMBGMR,Continuous,34.75945949,-106.0873819,,
WL-0109,NMBGMR,Continuous,34.31094187,-108.1900263,354,
WL-0114,NMBGMR,Continuous,34.21055783,-103.3190529,118,
WL-0115,NMBGMR,Continuous,36.43254305,-103.478558,205,
WL-0121,NMBGMR,Intermittent,35.48066404,-105.6711862,250,
WL-0123,NMBGMR,Intermittent,35.59198694,-105.6893012,147,
WL-0124,NMBGMR,Continuous,35.54850188,-108.6662099,350,
WL-0130,NMBGMR,Continuous,34.06150166,-106.8971354,90,
WL-0131,NMBGMR,Intermittent,34.0758252,-106.9079007,99,
WL-0134,NMBGMR,Continuous,34.03433737,-106.9178019,,
WL-0136,NMBGMR,Intermittent,34.04596244,-106.9199701,1050,
WL-0137,NMBGMR,Intermittent,36.59512951,-105.6567191,154,
WL-0140,NMBGMR,Intermittent,35.33885413,-106.4414746,400,
WL-0141,NMBGMR,Intermittent,35.33435831,-106.4021158,425,
WL-0142,NMBGMR,Intermittent,35.30775045,-106.4130843,,
WL-0145,NMBGMR,Intermittent,35.32402332,-106.4147206,165,
WL-0147,NMBGMR,Intermittent,35.30601711,-106.4913425,790,
WL-0148,NMBGMR,Intermittent,35.39582118,-105.9444187,100,
WL-0149,NMBGMR,Intermittent,35.57008135,-105.796864,,
WL-0150,NMBGMR,Continuous,35.40066073,-106.1562036,840,
WL-0151,NMBGMR,Continuous,35.68672708,-106.749506,28,
WL-0152,NMBGMR,Continuous,35.8018407,-106.5877155,400,
WL-0153,NMBGMR,Intermittent,35.80429773,-106.5873439,366,
WL-0155,NMBGMR,Continuous,35.31362553,-106.5030757,580,
WL-0156,NMBGMR,Intermittent,35.3136919,-106.5028129,760,
WL-0157,NMBGMR,Intermittent,35.30080839,-106.4481131,,
WL-0159,NMBGMR,Intermittent,35.30215374,-106.4373699,300,
WL-0160,NMBGMR,Intermittent,35.31076747,-106.4355644,125,
WL-0164,NMBGMR,Intermittent,33.4543861,-103.7659584,,
WL-0168,NMBGMR,Intermittent,33.62663667,-104.4728649,79,
WL-0172,NMBGMR,Intermittent,33.0733177,-104.6003377,450,
WL-0176,NMBGMR,Intermittent,33.03980041,-104.0096574,,
WL-0177,NMBGMR,Continuous,33.44794189,-108.9232374,300,
WL-0178,NMBGMR,Intermittent,33.44763772,-108.9214607,280,
WL-0179,NMBGMR,Intermittent,35.58962584,-105.7289412,,
WL-0183,NMBGMR,Intermittent,35.50577137,-105.6669623,260,
WL-0187,NMBGMR,Continuous,35.06995785,-108.2487101,,
WL-0188,NMBGMR,Intermittent,33.18850305,-103.9518207,,
WL-0189,NMBGMR,Intermittent,33.20711146,-103.9541096,,
WL-0190,NMBGMR,Intermittent,33.62513838,-103.794286,85,
WL-0191,NMBGMR,Intermittent,33.65355483,-103.7757942,,
WL-0198,NMBGMR,Intermittent,32.01008193,-105.1247604,,
WL-0199,NMBGMR,Continuous,32.90855611,-104.4291899,1008,
WL-0203,NMBGMR,Intermittent,32.66731402,-108.1919416,258,
WL-0204,NMBGMR,Intermittent,35.81416967,-105.4099455,,
WL-0205,NMBGMR,Intermittent,33.29707344,-103.9031274,101,
WL-0206,NMBGMR,Continuous,35.53831109,-105.6831937,400,
WL-0207,NMBGMR,Intermittent,35.5786786,-105.7583982,152,
WL-0213,NMBGMR,Continuous,36.65692624,-106.7527417,585,
WL-0215,NMBGMR,Intermittent,36.65060074,-106.7544329,760,
WL-0217,NMBGMR,Continuous,32.91850094,-107.7076869,,
WL-0218,NMBGMR,Intermittent,32.91697374,-107.7086773,59,
WL-0219,NMBGMR,Intermittent,32.91528583,-107.707931,210,
WL-0227,NMBGMR,Continuous,32.25152826,-107.6454527,229,
WL-0228,NMBGMR,Intermittent,32.98699878,-107.300047,97,
WL-0231,NMBGMR,Intermittent,36.07628949,-106.1048565,530,
WL-0232,NMBGMR,Continuous,36.08003668,-106.1081297,110,
WL-0233,NMBGMR,Intermittent,32.98097497,-107.3865086,165,
WL-0235,NMBGMR,Intermittent,36.24126762,-106.7991742,,
WL-0236,NMBGMR,Continuous,33.3026752,-106.8400147,300,
WL-0237,NMBGMR,Continuous,36.21597127,-106.2769417,,
WL-0238,NMBGMR,Intermittent,32.82138799,-108.1056373,,
WL-0239,NMBGMR,Intermittent,33.19380481,-108.2047389,,
WL-0240,NMBGMR,Intermittent,35.27257691,-108.1317491,300,
WL-0242,NMBGMR,Intermittent,33.53013648,-105.5081329,515,
WL-0243,NMBGMR,Intermittent,33.52982028,-105.5082603,495,
WL-0244,NMBGMR,Continuous,33.53037495,-105.5071651,480,
WL-0245,NMBGMR,Continuous,35.22674612,-106.4871213,460,
WL-0247,NMBGMR,Continuous,36.7459564,-106.4417203,400,
WL-0249,NMBGMR,Intermittent,34.31829618,-108.1800065,415,
WL-0250,NMBGMR,Continuous,33.66910718,-107.1164664,293,
WL-0253,NMBGMR,Intermittent,33.66353888,-107.1061936,,
WL-0255,NMBGMR,Intermittent,36.84435364,-103.9174909,104,
WL-0257,NMBGMR,Intermittent,35.90015181,-105.0130096,,
WL-0260,NMBGMR,Intermittent,34.70702909,-106.1304267,275,
